[
  {
    "line": 1,
    "elements": [
      {
        "line": 3,
        "name": "Get the book details from amazon",
        "description": "",
        "id": "alation-assignment;get-the-book-details-from-amazon",
        "type": "scenario",
        "keyword": "Scenario",
        "steps": [
          {
            "result": {
              "duration": 21903841202,
              "status": "passed"
            },
            "line": 4,
            "name": "Launch Amazon website \"https://www.amazon.com/\"",
            "match": {
              "arguments": [
                {
                  "val": "https://www.amazon.com/",
                  "offset": 23
                }
              ],
              "location": "StepDefinitions.launch_Amazon_website(String)"
            },
            "keyword": "Given "
          },
          {
            "result": {
              "duration": 12420128445,
              "status": "passed"
            },
            "line": 5,
            "name": "Select \"Books\" from the category",
            "match": {
              "arguments": [
                {
                  "val": "Books",
                  "offset": 8
                }
              ],
              "location": "StepDefinitions.select_from_the_category(String)"
            },
            "keyword": "When "
          },
          {
            "result": {
              "duration": 6006828700,
              "status": "passed"
            },
            "line": 6,
            "name": "Search for \"data catalog\"",
            "match": {
              "arguments": [
                {
                  "val": "data catalog",
                  "offset": 12
                }
              ],
              "location": "StepDefinitions.search_for(String)"
            },
            "keyword": "And "
          },
          {
            "result": {
              "duration": 5347143745,
              "status": "passed"
            },
            "line": 7,
            "name": "Open the first result of the page",
            "match": {
              "location": "StepDefinitions.open_the_first_result_of_the_page()"
            },
            "keyword": "And "
          },
          {
            "result": {
              "duration": 16773676059,
              "status": "passed"
            },
            "line": 8,
            "name": "Record details of that product",
            "match": {
              "location": "StepDefinitions.record_details_of_that_product()"
            },
            "keyword": "Then "
          },
          {
            "result": {
              "duration": 226235305,
              "status": "passed"
            },
            "line": 9,
            "name": "Close the browser",
            "match": {
              "location": "StepDefinitions.close_the_browser()"
            },
            "keyword": "And "
          }
        ]
      }
    ],
    "name": "Alation Assignment",
    "description": "",
    "id": "alation-assignment",
    "keyword": "Feature",
    "uri": "src/test/resource/alation.feature"
  }
]